seller_id,faturamento,pedidos,itens,nota_media,prazo_medio,taxa_atraso,estado,categorias,ticket_medio,participacao,seller_label
4869f7a5dfa277a7dca6462dcf3b52b2,226987.93,1124,1148,4.139473684210526,15.005261495434894,0.11585365853658537,SP,10,201.94655693950176,0.01722243962387849,4869f7a5
53243585a1d6dc2643021fd1853d8905,217940.44,348,400,4.128140703517588,13.37442884837963,0.04,BA,2,626.265632183908,0.016535972064688695,53243585
4a3ca9315b744ce9f8e9374361493884,196882.12,1772,1949,3.826673585884795,14.416470988208578,0.10979989738327348,SP,7,111.10729119638826,0.01493819704299343,4a3ca931
fa1c13f2614d7b5c4749cbc52fecda94,190917.13999999998,578,579,4.373913043478261,13.341870562272117,0.10189982728842832,SP,5,330.30647058823524,0.014485611269346157,fa1c13f2
7c67e1448b00f6e969d365cea6b010ab,186570.05,973,1355,3.3466963622865626,22.392545647123136,0.0959409594095941,SP,6,191.74722507708117,0.014155780978085446,7c67e144
7e93a43ef30c4f03f38b393420bc753a,164582.49,318,321,4.3625,11.340183887158187,0.056074766355140186,SP,7,517.555,0.012487500974931069,7e93a43e
da8622b14eb17ae2831f4ac5b9dab84a,159816.87,1311,1548,4.0713359273670555,11.169686722413628,0.07299741602067183,SP,4,121.90455377574371,0.012125915216955533,da8622b1
7a67c85e85bb2ce8582c35f2203ad736,139658.69,1145,1155,4.269398430688753,11.17094356261023,0.05887445887445888,SP,2,121.97265502183406,0.010596437248777776,7a67c85e
1025f0e2d44d7041d6cf58b6550e0bfa,138208.56,910,1420,3.862215909090909,12.051349105046949,0.09225352112676057,SP,4,151.87753846153845,0.010486410357163871,1025f0e2
955fee9216a65b617aa5c0531780ce60,131836.71,1261,1472,4.088235294117647,10.740379176731079,0.08084239130434782,SP,23,104.54933386201427,0.010002953805454667,955fee92
6560211a19b47992c3666cc44a7e94c0,120702.83,1819,1996,3.9489641232945933,9.539485927874267,0.06212424849699399,SP,7,66.35669598680593,0.009158183882756538,6560211a
46dc3b2cc0980fb8ec44634e21d2718e,120566.48,494,513,4.27755905511811,11.673397520937117,0.06432748538011696,RJ,7,244.0617004048583,0.009147838488432198,46dc3b2c
7d13fca15225358621be4086e1eb0964,112436.18000000001,558,571,4.017605633802817,15.692606558506844,0.1190893169877408,SP,7,201.49853046594984,0.008530961631261777,7d13fca1
5dceca129747e92ff8ef7a997dc4f8ca,111126.73,322,343,4.017699115044247,11.273755027804773,0.05830903790087463,SP,6,345.1140683229814,0.008431608667580017,5dceca12
620c87c171fb2a6dd6e8bb4dec959fc6,107573.9,699,754,4.252361673414305,12.826209413989588,0.09814323607427056,RJ,2,153.89685264663805,0.008162041910577105,620c87c1
1f50f920176fa81dab994f9023523100,106655.70999999999,1399,1926,3.9932221063607924,15.571830969241567,0.09449636552440291,SP,3,76.2371050750536,0.008092375334745302,1f50f920
cc419e0650a3c5ba77189a1882b7556a,101090.95999999999,1651,1719,4.142274052478134,11.539753288410575,0.05991855730075625,SP,4,61.23013930950938,0.0076701565370454515,cc419e06
a1043bafd471dff536d0c462352beb48,99309.23,702,752,4.246666666666667,13.586722905585107,0.05585106382978723,MG,3,141.4661396011396,0.007534969889230949,a1043baf
3d871de0142ce09b7081e2b9d1733cb1,93407.4,1064,1131,4.150134048257373,13.42082487023938,0.0592396109637489,SP,6,87.78890977443608,0.007087175546838405,3d871de0
edb1ef5e36e0c8cd84eb3c9b003e486d,79144.9,165,174,4.454022988505747,11.709806034482758,0.07471264367816093,RJ,1,479.66606060606057,0.0060050252971067695,edb1ef5e
ccc4bbb5f32a6ab2b7066a4130f114e3,72926.72,184,189,4.319148936170213,15.853247415735842,0.07407407407407407,PR,2,396.3408695652174,0.005533228274153132,ccc4bbb5
f7ba60f8c3f99e7ee4042fdef03b70c4,68070.0,218,229,4.218340611353712,13.124415534530165,0.16593886462882096,SP,2,312.2477064220183,0.0051647304118655505,f7ba60f8
fe2032dab1a61af8794248c8196565c9,65689.71,293,305,4.395348837209302,10.600771782027929,0.08524590163934426,SP,2,224.19696245733792,0.004984128734885098,fe2032da
8581055ce74af1daba164fdbd55a40de,63893.92,379,426,4.263529411764706,12.83171940206051,0.09859154929577464,SP,1,168.58554089709762,0.004847875301267879,8581055c
cca3071e3e9bb7d12640c9fbe2301306,62081.46,691,804,3.872935196950445,14.129815908881518,0.05472636815920398,SP,5,89.84292329956584,0.004710357051197513,cca3071e
04308b1ee57b6625f47df1d56f00eedf,58991.8,92,92,3.9456521739130435,18.87600291867955,0.11956521739130435,SC,1,641.2152173913043,0.004475932767896139,04308b1e
522620dcb18a6b31cd7bdf73665113a9,55981.69,169,175,3.9127906976744184,15.15585119047619,0.10285714285714286,PR,11,331.2526035502959,0.004247544246373286,522620dc
de722cd6dad950a92b7d4f82673f8833,55126.3,337,377,4.167553191489362,12.76760370615974,0.03978779840848806,PE,2,163.57952522255195,0.004182642545961862,de722cd6
37be5a7c751166fbc5f8ccba4119e043,54735.55,269,278,4.327272727272727,10.607953304023448,0.025179856115107913,SP,2,203.4778810408922,0.004152994853756243,37be5a7c
17e34d8224d27a541263c4c64b11a56b,54440.28,247,260,4.2015503875969,14.041841435185184,0.08076923076923077,SP,12,220.40599190283402,0.004130591593161098,17e34d82
7ddcbb64b5bc1ef36ca8c151f6ec77df,54435.66,325,334,3.97583081570997,12.63763847305389,0.08383233532934131,SP,9,167.49433846153846,0.004130241056147688,7ddcbb64
25c5c91f63607446a97b143d2d535d31,54208.78,156,266,3.7471698113207546,13.9284769649819,0.06015037593984962,MG,2,347.4921794871795,0.0041130268055843845,25c5c91f
218d46b86c1881d022bce9c68a7d4b15,53710.3,382,420,4.172248803827751,13.80322260802469,0.09047619047619047,SP,3,140.60287958115185,0.004075205227566069,218d46b8
ceaec5548eefc6e23e6607c5435102e7,51478.18,198,206,4.201970443349754,12.918996932308522,0.05825242718446602,SP,7,259.9908080808081,0.003905845773372836,ceaec554
f5a590cf36251cf1162ea35bef76fe84,51232.78,113,118,4.279661016949152,11.821742879001883,0.1016949152542373,SP,4,453.38743362831855,0.0038872263398033956,f5a590cf
e882b2a25a10b9c057cc49695f222c19,51057.54,57,58,4.586206896551724,9.458802681992339,0.0,RJ,8,895.7463157894737,0.0038739302129137923,e882b2a2
2bf6a2c1e71bbd29a4ad64e6d3c3629f,50628.9,30,31,4.193548387096774,13.368179510155317,0.0967741935483871,RJ,2,1687.63,0.003841407661955337,2bf6a2c1
f8db351d8c4c4c22c6835c19a46f01b0,50082.6,659,714,4.251758087201125,9.914259048526818,0.058823529411764705,SP,20,75.997875569044,0.0037999577982267903,f8db351d
b2ba3715d723d245138f291a6fe42594,49172.38,323,348,4.223188405797101,13.90829072876756,0.08620689655172414,SP,27,152.23647058823528,0.0037308959366800258,b2ba3715
17f51e7198701186712e53a39c564617,48019.0,56,61,4.344262295081967,22.76142418032787,0.08196721311475409,SP,1,857.4821428571429,0.003643384598903656,17f51e71
8160255418d5aaa7dbdc9f4c64ebda44,46368.39,380,424,3.8544152744630074,16.77892969841894,0.1792452830188679,SP,4,122.02207894736841,0.003518146525374504,81602554
966cb4760537b1404caedd472cc610a5,45928.26,67,67,4.134328358208955,10.040945273631841,0.029850746268656716,SP,1,685.4964179104478,0.0034847521843112696,966cb476
77530e9772f57a62c906e1c21538ab82,45528.6,311,380,4.078947368421052,15.017148422270957,0.11578947368421053,PR,2,146.3942122186495,0.003454428456436931,77530e97
4e922959ae960d389249c378d1c939f5,45319.42,411,445,3.9047619047619047,14.614744043903453,0.10786516853932585,SP,24,110.26622871046229,0.003438557172353575,4e922959
850f4f8af5ea87287ac68de36e29107f,45285.37,186,191,4.288770053475936,10.143654801725809,0.06282722513089005,SP,4,243.46973118279573,0.0034359736690404564,850f4f8a
c826c40d7b19f62a09e2d7c5e7295ee2,44653.04,346,365,4.09065934065934,13.195016837899542,0.09041095890410959,SP,2,129.05502890173412,0.003387996381228866,c826c40d
b33e7c55446eabf8fe1a42d037ac7d6d,44215.17,149,152,4.190789473684211,16.425508269371345,0.13157894736842105,SP,5,296.74610738255035,0.003354773514981715,b33e7c55
ba90964cff9b9e0e6f32b23b82465f7b,44212.5,38,38,4.421052631578948,10.018161245126706,0.05263157894736842,SP,5,1163.4868421052631,0.0033545709319025363,ba90964c
eeb6de78f79159600292e314a77cbd18,43510.84,82,83,4.421686746987952,12.113948153726016,0.03614457831325301,SC,3,530.62,0.0033013333126754234,eeb6de78
c3cfdc648177fdbbbb35635a37472c53,43048.18,278,307,4.447712418300654,9.690750919893835,0.02280130293159609,PR,2,154.84956834532375,0.003266229534618222,c3cfdc64
